{
  "project_info": {
    "project_number": "178372684470",
    "project_id": "fastest-route-finder",
    "storage_bucket": "fastest-route-finder.appspot.com"
  },
  "client": [
    {
      "client_info": {
        "mobilesdk_app_id": "1:178372684470:android:d71233c19543a980199417",
        "android_client_info": {
          "package_name": "com.agnex.routefinder"
        }
      },
      "oauth_client": [],
      "api_key": [
        {
          "current_key": "AIzaSyBNCl4E1EHZ_CwP9dWuUAxqmLfdpZKXsyE"
        }
      ],
      "services": {
        "appinvite_service": {
          "other_platform_oauth_client": []
        }
      }
    },
    {
      "client_info": {
        "mobilesdk_app_id": "1:178372684470:android:728636cc9b2db254199417",
        "android_client_info": {
          "package_name": "com.example.routefinder"
        }
      },
      "oauth_client": [],
      "api_key": [
        {
          "current_key": "AIzaSyBNCl4E1EHZ_CwP9dWuUAxqmLfdpZKXsyE"
        }
      ],
      "services": {
        "appinvite_service": {
          "other_platform_oauth_client": []
        }
      }
    }
  ],
  "configuration_version": "1"
}